{"joint_type": "revolute", "upper": 1.5, "lower": -0.01, "joint_transformation": [[1.0, 0.0, 0.0, -0.014404000000000004], [0.0, 1.0, 0.0, 0.058633], [0.0, 0.0, 1.0, -0.00841], [0.0, 0.0, 0.0, 1.0]]}