{"joint_type": "revolute", "upper": 0.01, "lower": -1.5, "joint_transformation": [[1.0, 0.0, 0.0, -0.015839], [0.0, 1.0, 0.0, -0.059665], [0.0, 0.0, 1.0, 0.005785], [0.0, 0.0, 0.0, 1.0]]}