{"joint_type": "revolute", "upper": 0.01, "lower": -1.5, "joint_transformation": [[1.0, 0.0, 0.0, -0.016734], [0.0, 1.0, 0.0, -0.060273], [0.0, 0.0, 1.0, 0.00533], [0.0, 0.0, 0.0, 1.0]]}