{"joint_type": "revolute", "upper": 1.5, "lower": -0.01, "joint_transformation": [[1.0, 0.0, 0.0, -0.023387], [0.0, 1.0, 0.0, 0.060547], [0.0, 0.0, 1.0, -0.004003], [0.0, 0.0, 0.0, 1.0]]}