{"joint_type": "revolute", "upper": 1.5, "lower": -0.01, "joint_transformation": [[1.0, 0.0, 0.0, -0.007971], [0.0, 1.0, 0.0, 0.061399], [0.0, 0.0, 1.0, -0.003976], [0.0, 0.0, 0.0, 1.0]]}