{"joint_type": "revolute", "upper": 0.01, "lower": -1.5, "joint_transformation": [[1.0, 0.0, 0.0, -0.019277], [0.0, 1.0, 0.0, -0.06053], [0.0, 0.0, 1.0, -0.005248], [0.0, 0.0, 0.0, 1.0]]}